id,customer_name,enc_idcard,enc_from_card,enc_to_card,enc_phone,enc_amount,hash_value,server_sign,create_time
1,客户1,0D9fOwITheyMvzZQw2vcDBmxJ5HNCT2JZ1PhGktm1xUA,arVl5goGfiFbjcD95SM8e6wDC4XBE+eGOboixTDOAlUA,A1W4+VLCOFxZTEae2Ua6DJp04NLX+Tp4R05R86ffmGwA,CA34aAyPp6EzpOc0RNAOoQAA,J5pRzg2oEEgf7L7++y0yRAAA,21955f1c91012f26627e66e3a503c0558d22e2b10f9c6f1e6c96cd2c09c71b1d,f8311631fdeaf0b1d22dac39f4132362acf7876a84bdb771e52ff9c1a0e38b5b,2025-12-17 09:47:21
2,客户2,yvGWuA3s/Ed/w2H1qQZD/V9lO7dsbXi8bdzG6+YaGUAA,1+4CPBlQmf+uOSroOBPMwHXPiLvIkd3UAeYeXoK4lkoA,R3gaGN/mTUTNZugNbM1dpkX430zw8ifq0e9N5tbVX8MA,Yz8hkSiwwvSF9An1+SvrlQAA,gCSoDfv35iEU++3d8I7e2AAA,788f82d5bed1a3449eec7dcb712c4e4355bc391906b430046ed0ed47e73abef0,8639bb49aafa02d698f218f77215e16ef275b7bd02513bd89a6c1240e5eb3aff,2025-12-17 09:47:21
3,客户3,wZbf6GScLjNhTVRSUc31WOBu1ywbyzUgMeYB6IUBK2IA,yU3rvU40CgUavchte1z4ulXqByi8BR3+K66upThzZPAA,RItYp2B40XLfHs2N4gYP2sxFYxzMrdxHX8OKvIH5UlcA,/jSevb78P412gyPybpr33gAA,35+gq1JEBGI1YRR5jg1XzgAA,20a96a0b8a9b8204beeec095fe783cc1b862c67668e0d7ec5d6a2bbcfff3687c,b8bb56b00a222bdfa98c9a7a166932156f9a6833e94efe0f7623c20d6f780bd1,2025-12-17 09:47:21
4,客户4,om5/Se00cBOvG08BOCepMgjLpzsVEr5kSCS5bZD5Y9YA,iMc5s1Oz8Ci6K9ybCU9C/vMsAxZUBARMEMaYnw6LgC4A,vzJRqtJcyAkOrJrfoP0aWPSeZfwxy7ljXLJxQdSSLPQA,mPefxyA1Zw9r6rwF9UNEyQAA,sIa29z7JiQLGErxAZ24tjQAA,b8b6290f9715083ef5bfc18c8797e687153a50507f010f4a212e24f5852332c8,8c04cdcc4bf931943b400ea2412d26e4adc827c26057c77a0247f424331dffb6,2025-12-17 09:47:21
5,客户5,O1vMA7Oj7JJKVnjswNnW/WzjcOMG+II+YypLtHaQ08cA,j+AKflXyWBnwf2uLhMV4417ULRPzPIlfBkpc/4xzHU8A,6ycfpOXDItjc/xi/1jlesyGq8v+tpULbSPFa2sF8lFYA,kCYnV/xOh31bVFbZPABGjQAA,PW4c3xzDKXbVekJ5+zxTPQAA,4ae713a821ca986cf4f6cf33201f1a1d816a4a169e9936e103cd22d992c22c43,d776d8b11a819dc2e1c5db93c5fe55b0f1f98a9a5d13c79dc065324d80ceaf17,2025-12-17 09:47:21
6,客户6,oBoGVvMrqCkEiOIWGPv2I19piqLiV1pYcxCos9zl7LcA,PX0bo7j215NCEP0Ke/vneKdhoxAGxaIiAnorzTBKR2cA,1r9CI1tuS7/j9GNQ1ZvnvHKPwGNybHkYV6NSmrCRsBsA,jRMV3muclU3qg4urKVfB3QAA,uGa7QkHAvl92Q9EAGcsrAwAA,220adcf1253316796d0b97b4af980c6c1fea9bd2f4c42d69c080ffbca3e37c2b,4d4c6b58cb2bf2425378edd2e500122d264d97ab9381f5fa81c8279ba6f280c6,2025-12-17 09:47:21
7,客户7,I/4XhcpMstXJTXZSyZnraKgAG7dKGZxnmvlHEW9fFLsA,ipSEgCIfi2tsOK7znWOZwSHkpwOqB9xFnPS/S+7XhHAA,ts3X6bY95lARBNlP8qrAlsYvX/Ryy1b/33vRDpNKHxEA,Q4dJy4ym35mjj3fbhH+ZAwAA,x911vTEuwGsjHb83JaLKlQAA,d925c511da8489bde8064a177c720a6f3a09b412baa44f49aa5d8e0b20a78102,c24f9f0fe3a9d853dbc521f003a1958f1240359285521a0a64cbd5d16a3287d7,2025-12-17 09:47:21
8,客户8,350t/OuoFRirudcF7zZZdoeZXStfPAv1Jq5wTyZ//coA,W/Fl5ga29WboGHmULUOWX5Nau/qjfKfF2lH8vocY96UA,hHqu6uVEQjqD88wppN6XtVs0IlNgMP8YbIQ2WAjqrwUA,wst8CQ6SJvitxVSh0ilIOAAA,l9gKxt5V4OJyoSw/nXHcMwAA,f0f21f4ed197a3d92db6673d0c27d98ca7634c65930d0ca112978f43d56c2710,0471908d49682f7de1b88d689683fdf21906b2064f677de462d7ea4ada4bfd5d,2025-12-17 09:47:21
9,客户9,PNqzGxZu70L3qXpUJDrgAEezxd0Hc1mkhCANtdNrnwkA,XzrL1hN4Z/8r/NEkElcYPyDk793E0h6EaCE53fXRlnkA,SFR4JfPkZPPVEKJC0SN3CObu/5iluX7OSABt51lU1HYA,N6N1XMLtJXkt3Vk2v9PeJwAA,KHW/uEnwILstbj9OFU3atAAA,2d80445ec9ba1f45317bf92f2fabbc20c6eb30de780405a8de8976440ef088b9,8b9f18a15aa8d478d43920eb7c5e35c6f24d1fbd77b8d2fb2d93b977b84298f5,2025-12-17 09:47:21
10,客户10,FMEhRHsebb389/Gb8cx+Dcn6SJAUhizCE3I78Pf+hY4A,dxMyOgSgsguQ05Xj1cYoPFIDKHJnVY+EPVErZqy2HscA,7ECgzaUWP231wRpFatBsad9LFnlJlzRC0Mz82+06254A,uDA2qsi/I2MeG1D1/YQCvgAA,db9RUyvk2asPXbnYez5OMgAA,76bc7156a5970e63b814841a15987b7196db3c8868d33e8107f47844dde6233e,5bc0a0aaea1470716e5ee573403d09b261dc1da64e1b47750b85ee5d2d57e771,2025-12-17 09:47:21
11,客户1,UbcYiTvC2ROracTSBUnvymoc1hvWreDHx81X3rRypVwA,wVqa5LiFpfZmFsGZVfL0DWqyBUit139Hwg1CCTefucoA,2nQXWIQhr+DAYAD5fWvZ645wBkDddLm4aZ9FNbXsxgUA,Sx56gD0NBJuG7e1nd4W5lwAA,cACqVol+PY1YGcwBghI2OQAA,13c738ce9c82c72bbda3d4a23bfe9f23a593d01b645dbd53d8b6b06483119c5e,b813cc3f4b90ba66b6bf74b6e1323e1a7a992f8f48d8ece5ad64f2f1f51a5c4f,2025-12-17 09:51:48
12,客户2,p1FLEsEPQTdoA2ieQ4q7uRKlw09z/i3SD0UieR3IpR0A,vXlQ+nPAJ9BPl/JA1GpL9NWnFEvwGKnXSF0EvDek+G4A,5srkiz+Q0no3jj5YDFPLH4/FMEinmeOtFdGYOKCDP7cA,uuM4w8wB2/tj35OoycxB2QAA,IqHnhAudGUVSrpg0Vp3ixQAA,784891666e930aff8e08126f1e10cf86732a2361ba1bb88ebd4592825ae65a7a,c71a8dcc32aa68d935341e34762f23ec2c467f0996520aaa8728770bf03e1cb3,2025-12-17 09:51:48
13,客户3,ksF+OjzcO34KmSaAw5PGFEjm3xbwlwV27RQFGKIvnh4A,O86EG4PNIaBM+EzYZDtk3fWyxHXky+dNS5WsbjaOslQA,R44O/txLw3/sgfmt5HDPszcDZK4aSh42wpuF1eMSdEUA,SkrTjgzPea9S7P09wHMsKwAA,mDaaVWGfnHCO4OQUh6Jp/AAA,0e053f79bd3b8e844a4e8c7d234c0800d316f575826f9fe19c19d1631e4731a4,8e75c0b2785de6a9b909613586d54194fc9da04b1c07070c880d15e61736140a,2025-12-17 09:51:48
14,客户4,+x4VRmiJpbE30HmJECdrnygWUtZGQJF6mxO/RNcx+pIA,B0tvset6qqpyDEl0I8zCzFj1eeQF9ZpWY/ZpbHSHTJQA,A6qNTlTEda9l6EgX6DC1xCgTA9HlZAiFHMJAK6BuU60A,FifSM7p3yGZ4m/4Aq/iN8AAA,MZ9pJlaKMPkk0yKx8z3mkAAA,8f5dc811fe77300dd21d98390ed60f5655428e5c97e4c861646a07e2e6bdbbf2,5e497fef25b83c1f86f00692d08c64dc3afb1589216fd8210b8382f540ff6196,2025-12-17 09:51:48
15,客户5,KasHdnrTYETDYDUi2EYS5vp9BUMh0y1UT7yEhr6J9E0A,S0NaHv2f6iXK1KDi5xeggKhuMunNyMaw45qQsabN9bUA,Dx0sdgTsMfWPRM6XgEbBfyXv58j17S/UJD3xysHhglQA,vQgYh2d9TQWmsNG1N3UtvwAA,XNQXfnXsDby6AUvvyLJULQAA,2db68719b09de349eabb88884b26e7f9aebea8a7bc3ee83e2e449d469a6dc81f,6a160200eb707465e26e1c283116e3de6dab802cd2af9f7f91eb9e679dc8f272,2025-12-17 09:51:48
16,客户6,+Bo4TeXEXJ3UJW8/y5GDYLb3CJ+NTc0WGB8ebplJ2DEA,8xo3zzFaAmGTKgxhuPIIdMziAgzZEHC/BR2YOQ/KNYIA,r3k9xA3gD1rPA0LOf8PzN4rF2a3/BqBAVHVxT5xTiwUA,BLpDnzNC9kTV0o76sQVCvAAA,7EbhUDR46GNS+pjm66ES1QAA,515ce11fd7ae56807a5ab84714eb9f28e41e91fe94ab197232bfc17a43512f80,8f100dd33f7de2dd7213180e158c5cdc23cfbc146c37b15219d44f59914270da,2025-12-17 09:51:48
17,客户7,dClysMI6OlP/Gv6Fulhun76twE+MNhKFZFAlw7i5/R8A,JIfHjAZvMgZkx/t4hLOoiqfIuh/4QrDIaMo0HUikcMoA,b5a72/RZ8jmxbxKm9DjMfN5v7XPIGTzMAVHLTrpVspwA,LyV2RIkaNCEgr3d9h50ccgAA,uqSfVuLChuOJlUbGsTanYgAA,feea5fe9927c34f223a63e0f9f70f91842d6a6e3ef8b2c60522e49c8b41d4206,70bc66181ee15519cb2d766492f6b8c71bac3d7b554c984d4d5503d14b00d218,2025-12-17 09:51:48
18,客户8,gGtzyXlQWQMVDH0ZRiqbbi0T/aFHzimcJkPkO8nIpRQA,nnPE3rSiiMCMkftotQMD2Nyr1rTXK5KaC50IP/edkc0A,KF/VDMxWHc5rcdt8yW7o+X4drsKf48pFwbD1mTpyacUA,66Pf5ALG1hkt3tzrD3NvnQAA,bOQoffHDC3t2PcJNhm08jAAA,d27702f1e1471a40708d8a649681b51ad67fe4fe388b47bd1517ef876eecea8e,2f3f70d52a7c67281553a49a915d4e568be87ae2ecadd86f549434a678c901b6,2025-12-17 09:51:48
19,客户9,yxPmEk5aoLhgXcbm4xHuiLF+Q3P8T2jpeUkv55U/NGcA,5dx4BDrp3KMOUilVFOg6UJH5aqrWo3TAdrkZnuuwaSIA,D07ClfGRAMJ2IBbhWsdxU2sVnkGYB2AfTYL0JdXpJogA,L5zd6+4mFbTV0cXOVdyTnwAA,nRHA8j3cqf4Yemn+YpyvnwAA,2265a1dacace881afd6fdfe7e43c2266ab3605fcaeabf1fd0bd5d66b31272e83,47c82021389a83e44ec8dbc36d285c3074c76dd6d96815eb788ec53fdc09019a,2025-12-17 09:51:48
20,客户10,ktFKypJf23A8Z5UpfnN1Z7zTVnDgUOrHStzj5dvb0fcA,CuI3OuuzlvrgljpGv+rcOesF69rd7G4NQvqJ49InB3EA,y27X88rHvPlB74mA4d/nfKDc9SUSdFwHgEUWdLKigiwA,6tDgtOEVZcOS9E3fSFeH6gAA,/LCfBH0TfwVxwOONXXxeogAA,ac406ede6d7ff8230f26e368e3edfe975970b081327b9207764f5409a08fff72,4f351a48dc6c93fe689c024484eae9292282d857609ca3f113d84a770b8c0e41,2025-12-17 09:51:48
